taxon	sequenceID	pubmed_id	length	genus	family	name	full_name	clade	isolate	host_sci_name	sample_date	country
alignment/AL_CRESS_MASTER/member/ncbi-refseqs/JN857329	JN857329	22345464	1578	CRESS-3	CRESS-3	batCV-Sc703	Circoviridae batCV-SC703	Unclassified	-	-	2007	China
alignment/AL_CRESS_MASTER/member/ncbi-refseqs/JQ412057	JQ412057	22465471	2220	Gemycircularvirus	Genomoviridae	C-aGmycV	Cassava associated gemycircularvirus 1	Unclassified	G5	cassava	2010	Ghana
alignment/AL_CRESS_MASTER/member/ncbi-refseqs/JX185416	JX185416	22915694	1915	-	-	-	-	-	TO-DF13-2010	Diplacodes bipunctata	2010	Tonga: Tongatapu
alignment/AL_CRESS_MASTER/member/ncbi-refseqs/JX185428	JX185428	22915694	2208	Gemyduguivirus	Genomoviridae	D-aGmydgV	Dragonfly-associated circular virus 3	Unclassified	TO-DFS3B2-2010	Pantala flavescens	2010	Tonga: Tongatapu
alignment/AL_CRESS_MASTER/member/ncbi-refseqs/JX185429	JX185429	22915694	2236	Gemygorvirus	Genomoviridae	D-aGmygV	Dragonfly-associated circular virus 2	Unclassified	FL2-5X-2010	Erythemis simplicicollis	2010	USA: St. Petersburg, Florida
alignment/AL_CRESS_MASTER/member/ncbi-refseqs/KC699544	KC699544	-	2735	-	-	-	-	-	FbLCV-Cas-Jal	Cassia tora	2013	India
alignment/AL_CRESS_MASTER/member/ncbi-refseqs/KF371630	KF371630	23994297	2122	Gemytondvirus	Genomoviridae	F-aGmytV	Faecal-associated gemycircularvirus 12	Unclassified	as3	Struthio camelus	2011	New Zealand
alignment/AL_CRESS_MASTER/member/ncbi-refseqs/KF371631	KF371631	23994297	2159	Gemykroznavirus	Genomoviridae	F-aGmykzV	Faecal-associated gemycircularvirus 11	Unclassified	as35	Oryctolagus cuniculus	2009	New Zealand
alignment/AL_CRESS_MASTER/member/ncbi-refseqs/KJ888053	KJ888053	-	2798	Begomovirus	Geminiviridae	EaCMKv	East African cassava mosaic Kenya virus	Unclassified	MG:MG584A6:11	cassava	2011	Madagascar
alignment/AL_CRESS_MASTER/member/ncbi-refseqs/KX867027	KX867027	-	2925	-	-	-	-	-	CTS06-081	Beta vulgaris	2006	USA: Wyoming
alignment/AL_CRESS_MASTER/member/ncbi-refseqs/MF669476	MF669476	29334978	2926	Porprismacovirus	Smacoviridae	CBSV	Cattle blood-associated circovirus-like virus 	Smacovirus	-	-	2016	China
alignment/AL_CRESS_MASTER/member/ncbi-refseqs/MK059757	MK059757	-	3026	Brisavirus	Redondoviridae	Hla-Brisavirus	Human lung-associated brisavirus RC	Brisavirus	-	Homo sapiens	-	-
alignment/AL_CRESS_MASTER/member/ncbi-refseqs/MK059763	MK059763	-	3056	Vientovirus	Redondoviridae	HLVV	Human lung-associated vientovirus FB	Vientovirus	-	Homo sapiens	-	-
alignment/AL_CRESS_MASTER/member/ncbi-refseqs/NC_001412	NC_001412	16453696	2994	Curtovirus	Geminiviridae	BCTV	Beet curly top virus	Unclassified	California [Logan]	-	-	-
alignment/AL_CRESS_MASTER/member/ncbi-refseqs/NC_001792	NC_001792	9787657	1758	Circovirus	Circoviridae	PCV-1	Porcine circovirus 1	Mammal-1	-	-	-	-
alignment/AL_CRESS_MASTER/member/ncbi-refseqs/NC_003479	NC_003479	8445361	1111	Babuvirus	Nanoviridae	BBTV	Banana bunchy top virus	Unclassified	-	-	-	-
alignment/AL_CRESS_MASTER/member/ncbi-refseqs/NC_003813	NC_003813	7886939	1001	Nanovirus	Nanoviridae	SCSV	Subterranean clover stunt virus	Unclassified	-	Trifolium subterraneum L.	-	-
alignment/AL_CRESS_MASTER/member/ncbi-refseqs/NC_003825	NC_003825	8638404	2861	Topocuvirus	Geminiviridae	TpSTV	Tomato pseudo-curly top virus	Unclassified	-	-	-	-
alignment/AL_CRESS_MASTER/member/ncbi-refseqs/NC_010417	NC_010417	18401697	2845	Becurtovirus	Geminiviridae	BCTIV	Beet curly top Iran virus	Unclassified	Kerman	sugar beet	-	Iran: Kerman
alignment/AL_CRESS_MASTER/member/ncbi-refseqs/NC_012664	NC_012664	19321000	2754	Eragrovirus	Geminiviridae	ECSV	Eragrostis curvula streak virus	Unclassified	ECSV-ZA-Esc1-g382-2008	Eragrostis curvula	2008	South Africa
alignment/AL_CRESS_MASTER/member/ncbi-refseqs/NC_020099	NC_020099	23297243	1670	-	-	-	-	-	154_D11	Acartia tonsa	2010	USA: Tampa Bay, FL
alignment/AL_CRESS_MASTER/member/ncbi-refseqs/NC_023888	NC_023888	24055464	2526	-	-	-	-	-	-	Homo sapiens	2003	Brazil
alignment/AL_CRESS_MASTER/member/ncbi-refseqs/NC_025683	NC_025683	21900163	2904	CRESS-2	CRESS-2	CvPo-41	Po-Circo-like virus 41	Unclassified	-	Sus scrofa	2010	USA
alignment/AL_CRESS_MASTER/member/ncbi-refseqs/NC_025710	NC_025710	23879711	2603	-	-	-	-	-	-	-	2009	USA
alignment/AL_CRESS_MASTER/member/ncbi-refseqs/NC_026639	NC_026639	25697886	2212	CRESS-1	CRESS-1	AHEaCV-13	Avon-Heatchote Estuary Associated Virus 13	Unclassified	AHEaCV-13-NZ-1986SG-2012	-	2012	New Zealand
alignment/AL_CRESS_MASTER/member/ncbi-refseqs/NC_027714	NC_027714	26109720	2745	Capulavirus	Geminiviridae	ALCV	Alfalfa leaf curl virus	Unclassified	44-1E	Medicago sativa	2010	France:Camargue, Le Sambuc
alignment/AL_CRESS_MASTER/member/ncbi-refseqs/NC_029117	NC_029117	26611911	2965	Turncurtovirus	Geminiviridae	TLFV	Turnip leaf roll virus	Unclassified	IR:Hom:Th2:Tur:12	Brassica rapa var. rapa	2012	Iran
alignment/AL_CRESS_MASTER/member/ncbi-refseqs/NC_033746	NC_033746	-	4729	Protobacilladnavirus	Bacilladnaviridae	GaBacV1	Amphibola crenata associated bacilladnavirus 1	Unclassified	GaBacV1	Amphibola crenata	2012	New Zealand
alignment/AL_CRESS_MASTER/member/ncbi-refseqs/NC_040792	NC_040792	28684155	2757	Mastrevirus	Geminiviridae	RiceLV	Rice latent virus 1	Unclassified	AU-NA63-2015	Oryza sp.	2015	Australia
alignment/AL_CRESS_MASTER/member/ncbi-refseqs/NC_043432	NC_043432	24275766	5836	Diatodnavirus	Bacilladnaviridae	CsDNAv	Chaetoceros setoense DNA virus	Unclassified	-	Chaetoceros setoensis	2007	Japan: Hiroshima bay
alignment/AL_CRESS_MASTER/member/ncbi-refseqs/NC_043533	NC_043533	-	3174	Grablovirus	Geminiviridae	PrunusLV	Prunus latent virus	Unclassified	PL4	Prunus salicina cv. Formosa	2017	USA
